proteins	coph	avg_shufcophs	coph_enrichment	t_coph	p_coph	SNR	avg_shufSNRs	SNR_enrichment	t_snr	p_snr
['SMC3', 'STAG1', 'RAD21', 'CTCF']	22.719023638404938	1549.1733716299873	0.014665255712793951	46.59767796087961	1.8573339699496772e-69	9.440992275506376	1.008319206060258	9.363098727827044	-336.45040826697686	1.5927449057460696e-153
['RAD21', 'STAG1', 'SMC3', 'CTCF']	22.719023638404938	1549.1733716299873	0.014665255712793951	46.59767796087961	1.8573339699496772e-69	9.440992275506375	1.008319206060258	9.363098727827042	-336.45040826697686	1.5927449057460696e-153
['FOXA3', 'FOXA1']	176.20426243328885	1318.8061722721513	0.13360891550098614	14.748872703720602	4.954101520822973e-27	9.366210351280008	1.0877339424613242	8.610754878243617	-151.85722250253735	2.1510357264280347e-119
['NFYC', 'NFYA', 'NFYB']	63.28283336130058	1639.2269011862313	0.03860529211392625	41.92848780060143	3.903242301435223e-65	9.348028276986819	0.9714207563645922	9.62304770177088	-283.3607334238908	3.785151948642878e-146
['CEBPG', 'ATF4']	1480.74357586132	1560.878137072282	0.9486605909150158	1.0412474304440194	0.1501484518006507	8.25464674749684	1.0742180405133115	7.684330774739536	-103.19604880532788	6.860238348913581e-103
['JUN', 'JUND', 'JUNB']	211.89841892727318	1434.5929681829116	0.14770629971487215	22.83384450723569	1.5351883757969224e-41	8.017799964464416	1.0031565435823058	7.992571065561296	-212.49148051846774	8.560717262610503e-134
['FOSL1', 'JUND', 'FOSL2', 'ATF3', 'JUNB', 'JUN']	630.7058919446843	1480.9961180875405	0.4258659994052758	29.01082458018801	1.6803414909441294e-50	7.961326334398301	0.9921614811653139	8.024224368242518	-419.0221345048966	5.92216426742314e-163
['FOXP4', 'FOXP1']	201.6704718406649	1605.590702558388	0.1256051567309889	18.354510705319033	6.188231128463225e-34	7.775252970113552	0.9768074061189893	7.959862836222613	-139.63383452328597	8.395785594546226e-116
['NFE2', 'MAFG']	134.98368814167594	1538.759137840882	0.0877224283009484	17.78759209618218	6.756278253285855e-33	7.27824479308145	0.903790447548145	8.053022481955075	-166.39851431675433	2.6072048734715477e-123
['GMEB2', 'GMEB1']	269.8477196958323	1631.201145392257	0.16542884392773136	18.45557545763638	4.058285188263889e-34	6.717248770200063	0.867628212029737	7.742082008243685	-144.43600199992875	3.0012291732268575e-117
['GMEB1', 'GMEB2']	269.8477196958323	1631.201145392257	0.16542884392773136	18.45557545763638	4.058285188263889e-34	6.717248770200063	0.867628212029737	7.742082008243685	-144.43600199992875	3.0012291732268575e-117
['SOX5', 'TCF7', 'SOX6']	272.09600974634196	1460.517186879905	0.1863011350983272	22.869908203920446	1.3459088990454648e-41	6.681397115224628	1.0048010509677792	6.649472658084311	-175.8768799311473	1.1021949410392183e-125
['FOXA1', 'EP300', 'FOXA3']	267.4978021504714	1427.7953182110425	0.1873502446314455	24.700167648479518	2.0320189955750745e-44	6.224771538699905	1.0319435880191579	6.032085097450446	-200.89898012215727	2.182715143194052e-131
['PAXIP1', 'KDM6A']	618.7261800680805	1654.7617178941387	0.3739065107545972	13.835285231309319	3.5876598502614603e-25	5.803752411656461	1.0448976334523001	5.5543741567115	-86.60416129778396	1.95204767377268e-95
['FOSL2', 'FOSL1', 'JUND', 'ATF7', 'JUNB', 'JUN']	1240.4843320106286	1479.3380151679728	0.8385401573485399	9.512146397826797	6.344002191105566e-16	5.7195047263238505	0.9910600438043804	5.771098090453125	-277.0829270313753	3.4685054783200954e-145
['STAG1', 'BRCA1', 'RAD21', 'SMC3']	1156.9101274722389	1543.6098277589842	0.7494835201663903	11.74544935267122	9.0023158306555e-21	5.4560743349019445	1.0163975044065374	5.368051683762921	-185.13339693844637	6.975162169089034e-128
['NFYB', 'EP300', 'NFYA', 'NFYC']	772.0132046113104	1572.4192107529225	0.49097161833939107	24.73664298577112	1.7916034091094141e-44	4.722352958829093	0.9771110731890551	4.83297455980769	-145.74946536937225	1.229938288710306e-117
['ATF7', 'JUN', 'FOSL2', 'JUND', 'JUNB']	1423.5628938975242	1476.158502552808	0.9643699449860383	1.5966942986709667	0.056760554655924694	4.60288039106557	0.9796367480923374	4.698558317691567	-210.32056468595107	2.3608177342517168e-133
['CTCF', 'EP300', 'RAD21', 'SMC3']	752.4798371697511	1506.5614345399094	0.4994684052824914	20.003144754504845	7.438597845320965e-37	4.421400532702296	1.0211028975970842	4.330024469724824	-124.98442227676905	4.599779359170078e-111
['GABPB1', 'GABPA']	83.39529742637352	1429.154596581463	0.05835288752235414	18.065814650371212	2.07982323803163e-33	3.7709137156955643	1.0485194290790192	3.596417587614753	-46.28691660143886	3.50014056705594e-69
['GABPA', 'GABPB1']	83.39529742637352	1429.154596581463	0.05835288752235414	18.065814650371212	2.07982323803163e-33	3.7709137156955643	1.0485194290790192	3.596417587614753	-46.28691660143886	3.50014056705594e-69
['NFYA', 'EP300', 'NFYB', 'NFYC', 'SP1']	764.1749390604994	1548.0846719669164	0.4936260612215598	33.048279583247506	1.3910763834776639e-55	3.694731799823259	0.9798881618305504	3.7705647886602183	-121.32845763156422	8.530341842446388e-110
['NFE2L1', 'MAFG']	2289.425738652365	1562.3764691848032	1.4653483227681432	-9.561676840225964	0.9999999999999996	3.629946550105166	0.959677137667378	3.782466422955777	-63.57566994934491	2.2134770738096187e-82
['SOX6', 'HDAC1', 'SOX5']	1050.495345647847	1474.4333273436541	0.7124739560387069	8.286041472291721	2.915696568202174e-13	3.5986637603159295	1.012677324447077	3.5536134496551544	-66.1310115933214	4.890678322550136e-84
['JUNB', 'FOSL1', 'JUN', 'FOSL2', 'ATF2', 'ATF7', 'EGR1', 'JUND']	1488.2671692365673	1482.3169914392086	1.0040141061808794	-0.27610695614618874	0.6084792631651277	3.552031344858166	0.9852006545273142	3.6053887383604937	-206.09657384832008	1.751378598654574e-132
['THRB', 'THRA', 'NCOA2', 'NCOA1', 'RXRA']	556.8256879981701	1521.7983130812293	0.36589979316690724	29.932419917163056	1.040077603991298e-51	3.413306216041819	0.9751503573487669	3.5002870996447113	-147.21440169169745	4.590385979943205e-118
['RREB1', 'KDM1A']	302.9866204979872	1548.7161231622144	0.19563728688982726	16.285258609016374	4.638008181014358e-30	3.369314086367619	1.038064481096848	3.2457656992632167	-35.03701585367081	6.713139710440938e-58
['CEBPA', 'ATF4', 'ATF3']	1119.8175759979115	1542.8893829428753	0.7257925217308804	8.695157025103732	3.80477505580588e-14	3.337376383194129	0.9840561722559561	3.3914490628549885	-73.11336451526647	2.88183436767168e-88
['TCF7', 'TEAD4', 'TEAD2', 'TCF7L2', 'SOX5', 'EP300', 'TEAD1']	978.0476797171392	1508.0497548686812	0.6485513336410483	22.342988258813975	9.33575312132523e-41	3.2790432611750835	0.9965735818882507	3.2903172638413105	-143.47692545599435	5.786247565498478e-117
['ZMYM3', 'ZMYM2']	244.09761469834234	1460.4841229803053	0.16713472666873627	15.193095821361245	6.400858853203886e-28	3.228245235608571	0.9251796346092364	3.489317225375448	-64.93631226371178	2.855727169304974e-83
['JUND', 'FOSL1', 'FOSL2', 'ATF2', 'ATF7', 'ATF3', 'CREB1', 'JUNB', 'EGR1', 'JUN']	1392.475558721248	1507.198529095863	0.9238833052448406	6.997040659140557	1.5698231529116725e-10	3.220517248810122	0.9792036217387244	3.2889147643179726	-187.5808487921891	1.9075444889376524e-128
['RCOR2', 'HMG20B', 'KDM1A']	1215.1307176988958	1457.425205536868	0.8337516828187977	4.709656613294094	4.047821571084677e-06	3.21922903723098	0.9659884409819937	3.332575112346492	-58.63532380714117	5.419111367188363e-79
['THRA', 'NCOA2', 'THRB', 'MED1', 'NCOA1', 'EP300', 'RXRA']	536.3645605524819	1512.6712429410188	0.3545810519340953	39.45302953089617	1.1521803595976778e-62	3.1471208060076914	1.0001792709457122	3.1465567198087943	-129.7276042263791	1.1773008341060354e-112
['LIN54', 'MYBL2', 'E2F4', 'TFDP2', 'E2F5']	1432.01811035766	1519.8522391116705	0.942208771028065	2.939374727581413	0.0020465247583251194	3.133412343726331	1.010085145611977	3.1021269418113264	-98.43580761137527	7.037436689475683e-101
['MAFG', 'DNMT3B', 'NFE2L1', 'NFE2']	1671.7487908528892	1514.5503356592512	1.1037921629228737	-4.760346974337115	0.9999966979854664	3.1235706516785418	0.9738447038177662	3.2074627909698523	-99.61348968880272	2.1934893578673066e-101
['FOXP1', 'MTA1', 'FOXP4']	1593.5073163817985	1559.9679329001128	1.0215000467473285	-0.7386507214660882	0.7690666564541118	3.0500103827043783	0.9732949584809796	3.1336958607743393	-67.19548847430828	1.0414153006242683e-84
['TFDP2', 'E2F2', 'LIN54', 'E2F4', 'E2F5', 'E2F1', 'TFDP1']	1367.0975479763752	1551.8703503325198	0.8809354129895237	8.619187456858159	5.558603404180858e-14	2.9940052002572672	0.9916548858415127	3.0192007753953347	-117.21168821394552	2.5409092214869094e-108
['MYBL2', 'LIN54']	151.15640137388436	1517.230268812894	0.09962653954442367	18.10974414727295	1.7283171583405365e-33	2.9848340629486416	1.049037792373814	2.8453065129278263	-38.667770209386596	7.477465999661574e-62
['KMT2B', 'KMT2A']	69.02762236327065	1520.0786086402038	0.045410560987381936	19.693772701033243	2.560866605802848e-36	2.965878806563822	1.0152212384643133	2.921411308386529	-33.79476614464529	1.821464912681026e-56
['TEAD1', 'TCF7', 'TEAD4', 'TEAD2', 'TCF7L2']	1196.2981734697066	1522.5152375054313	0.7857380629108082	10.632914367507011	2.286817354482446e-18	2.9491970920674686	0.9877802397144657	2.985681403102357	-92.51274453468858	3.070357119626548e-98
['TEAD2', 'TEAD1', 'TCF7', 'TEAD4', 'TCF7L2']	1196.2981734697064	1522.5152375054315	0.7857380629108079	10.632914367507027	2.2868173544822658e-18	2.9491970920674686	0.9877802397144657	2.985681403102357	-92.51274453468861	3.070357119626548e-98
['MEIS2', 'PBX2', 'PBX3', 'MEIS1']	1434.2025715266984	1515.6832214732117	0.9462416362521214	2.148789649658255	0.017044742307928677	2.7819338162141585	0.960539773430595	2.896219285411163	-83.73503962990559	5.244365119161163e-94
['TEAD4', 'TCF7', 'TEAD2', 'TCF7L2', 'SMAD3', 'EP300', 'TEAD1']	1370.0459358291473	1511.1290654625375	0.9066372735076693	5.635666473997444	8.224055368489118e-08	2.694619960666201	0.994462602786782	2.709624226305815	-100.59673708589195	8.37370840988771e-102
['ATF3', 'FOSL1', 'JUN', 'ATF4', 'SMAD3', 'HDAC1', 'JUND', 'TP53']	1492.02279069454	1493.4880374541558	0.9990189096110113	0.07220421046443322	0.47129253322886844	2.646354891410158	1.0003572088015442	2.6454099277002907	-114.37379420619838	2.8257565923116044e-107
['E2F2', 'E2F1', 'TFDP2', 'TFDP1']	650.00677166097	1555.2128484395728	0.41795357613792616	26.57557323136012	3.7149714213246815e-47	2.644615746139324	0.9755737148934526	2.710831283957006	-70.98641512603778	5.07542862033997e-87
['NCOA2', 'HNF4A', 'RXRB', 'RARA', 'BRCA1', 'THRA', 'THRB', 'PPARG', 'NCOA1', 'NR1H2', 'EP300', 'NR5A1', 'RXRA']	1044.81443992413	1507.585817268039	0.6930381195927429	27.342722450556305	3.10226242198452e-48	2.611281675230494	0.9945067443804756	2.625705345876948	-166.18629354881756	2.9570003043938782e-123
['HNF1A', 'EP300', 'HNF1B']	1754.2521595595924	1476.8011469299067	1.1878729666526013	-5.4848939622582815	0.9999998412025911	2.595125109153104	1.00070408642618	2.5932992023856807	-49.610052026182345	4.843172185705825e-72
['KDM6A', 'SIX4', 'PAXIP1', 'GATA4']	602.9296854755739	1524.6219876989924	0.39546175402175227	25.864890209352087	3.891347277619741e-46	2.524964369404101	1.0189820939915912	2.4779281052066624	-63.72062635279961	1.7761016085957765e-82
['MLX', 'MLXIP']	1207.686981646559	1595.003797107105	0.7571687188688633	5.091827959082984	8.469006151981357e-07	2.517303642288351	0.9694501600666957	2.5966302817621556	-28.871185440452056	2.577128065619366e-50
['MLXIP', 'MLX']	1207.686981646559	1595.003797107105	0.7571687188688633	5.091827959082984	8.469006151981357e-07	2.517303642288351	0.9694501600666957	2.5966302817621556	-28.871185440452056	2.577128065619366e-50
['TCF7L2', 'TCF7', 'HDAC1', 'TEAD4', 'TEAD2', 'EP300', 'TEAD1']	1229.0139331172702	1516.64561768951	0.8103501034009356	11.80828249278295	6.6004090892967915e-21	2.5016638292035887	0.9921462633673213	2.521466765104774	-104.56209110501979	1.8880823656003264e-103
['HMG20A', 'HMG20B', 'PHF21A', 'HDAC2']	600.6522322919956	1499.0659645299966	0.40068432377511726	26.370281334283604	7.286380989223283e-47	2.4598981685359105	1.0077579437318467	2.44096132790243	-59.209535496554366	2.1204587356680118e-79
['HNF1B', 'HNF1A']	2289.425738652365	1508.3918461975818	1.517792438631677	-9.862757591476576	0.9999999999999999	2.3965652396243002	0.9733201084645934	2.4622580164349706	-27.010267496945612	9.038434291429944e-48
['SKIL', 'SMAD4', 'SMAD3']	1754.2521595595924	1505.6966794374148	1.1650767272828464	-5.142307987121053	0.9999993145105197	2.383322433193863	1.0917157161073636	2.183098033700449	-23.627956740631433	8.749253908014649e-43
['RARG', 'RXRB', 'RARA', 'RXRA']	1398.7569602227852	1539.435217653817	0.9086169682116061	3.8942133319856613	8.949845180762112e-05	2.325914558551954	0.985375387157075	2.3604350066653215	-54.64860807976515	4.693197045837359e-76
['HMG20B', 'PHF21A', 'HDAC2', 'ZNF217', 'RCOR2', 'KDM1A', 'HMG20A', 'HDAC1']	953.1582612512119	1507.92746740233	0.6320982155018334	29.316119163685332	6.633922652992618e-51	2.3012868326154567	0.9943538802046347	2.3143539522789007	-85.77583141362894	4.9925026440287354e-95
['RXRA', 'RXRB', 'RARA', 'NCOA2', 'THRA', 'THRB', 'RARG', 'PPARG', 'MED1', 'NCOA1', 'NR1H2', 'EP300', 'PAX8']	1225.9275993429035	1518.7454239509577	0.8071975592549935	20.20301976996621	3.367408521998164e-37	2.2838697256794744	0.9903292713129568	2.306172090270108	-138.22744664975943	2.275640898097672e-115
['ZMYM2', 'KDM1A', 'HDAC1', 'HDAC2', 'ZMYM3']	774.0988370837495	1492.4161823411007	0.5186883164650814	21.411700530608215	3.0892717112987494e-39	2.232246948414276	0.9805150197159747	2.2766065827945092	-65.70900223854615	9.089658249704531e-84
['RERE', 'EP300', 'HDAC1', 'HDAC2']	1007.3607791259357	1512.8876075428357	0.6658530178339196	14.325999168674617	3.5527545128273685e-26	2.201478580669442	0.9871847344689614	2.2300573578598626	-56.448492091092284	2.0946850665665968e-77
['HNF4A', 'JUN', 'NCOA1', 'SMAD4', 'FOXO1', 'NCOA2', 'MED1', 'SMAD3', 'EP300', 'NR0B2']	1180.722629857823	1487.1938163039986	0.7939265325834777	15.643379439636018	8.24401676162927e-29	2.169202183394321	1.0092557109000664	2.1493088024835654	-87.40627995506703	7.928174086514043e-96
['RFXANK', 'CREB1', 'RFXAP']	1629.9051316103225	1603.9470711936333	1.0161838634721105	-0.5980585126518911	0.7244166911379999	2.114208153203571	1.0097418143732302	2.0938106386293494	-25.156134879785245	4.250998920331465e-45
['RFXAP', 'CREB1', 'RFXANK']	1629.9051316103225	1603.9470711936335	1.0161838634721103	-0.5980585126518858	0.7244166911379981	2.114208153203571	1.0097418143732302	2.0938106386293494	-25.15613487978525	4.2509989203313445e-45
['PHF8', 'KMT2A']	2289.425738652365	1553.1456480592765	1.474057337451322	-9.40765768481384	0.9999999999999989	2.111514348942815	1.0494626105889138	2.011995784926462	-20.97398021265089	1.656089341794129e-38
['NCOA1', 'HNF4A', 'RXRB', 'RARA', 'NCOA2', 'STAT6', 'THRA', 'THRB', 'PPARG', 'SP1', 'NR1H2', 'EP300', 'JUN', 'TP53', 'RXRA']	1259.922546404786	1493.7146147652206	0.8434827737176679	16.185751015669705	7.221162996012575e-30	2.0834022654814928	1.0005720049758091	2.082211230297077	-124.07725770323498	9.418380368600127e-111
['TFDP1', 'TFDP2', 'E2F2', 'E2F4', 'E2F5', 'MGA', 'E2F1', 'MAX', 'TP53']	1195.5614256959238	1523.99589358232	0.7844912382838678	16.483265703018148	1.9290645683313908e-30	2.056640011548103	0.977582176885147	2.103802688077988	-81.42749726126281	8.01943583002747e-93
['ZC3H13', 'MED13', 'MED1', 'MED8']	923.3175726525606	1451.5986424329437	0.6360694655273577	12.636768495961277	1.1366946250743042e-22	2.0510415744088695	1.0068642254772815	2.0370587438804066	-41.620041539366916	7.798535604066469e-65
['MED13', 'ZC3H13', 'MED1', 'MED8']	923.3175726525607	1451.5986424329437	0.6360694655273578	12.636768495961272	1.1366946250743366e-22	2.0510415744088695	1.0068642254772815	2.0370587438804066	-41.620041539366916	7.798535604066469e-65
['SNAPC5', 'TBP', 'SNAPC4', 'SNAPC2']	1585.693966508218	1504.6828260666489	1.0538393467634226	-2.1585459616261367	0.9833486753299391	2.0440840285969646	1.0013913049925807	2.041244035579188	-47.85702213245	1.481124221344403e-70
['SNAPC2', 'SNAPC5', 'TBP', 'SNAPC4']	1585.693966508218	1504.6828260666489	1.0538393467634226	-2.158545961626136	0.9833486753299391	2.0440840285969646	1.0013913049925807	2.041244035579188	-47.85702213245	1.481124221344403e-70
['NR5A1', 'NCOA2', 'SRY', 'GATA4']	1475.8022331288782	1490.6258084677393	0.9900554684786395	0.3832572890229863	0.3511753730537681	2.01092773585379	0.9873750175152703	2.0366402837640054	-41.640674492468264	7.4446413976330715e-65
['NR1H2', 'RXRB', 'NCOA2', 'MED1', 'NCOA1', 'RXRA']	1053.6235149488734	1522.192724689567	0.6921748461015325	17.254229034249523	6.645448541636745e-32	1.9717974679462469	0.9775883668586443	2.01700177169903	-55.37370837013078	1.3259251448008356e-76
['SSRP1', 'AFF4', 'ZC3H8']	581.0471290728836	1452.3272710309445	0.4000800237403952	18.283623309205428	8.32555707210971e-34	1.9435461721328873	1.0434874378556187	1.8625487012348725	-24.661035436145962	2.3262802202906745e-44
['PHF21A', 'HDAC2', 'ZNF217', 'HMG20B', 'HMG20A', 'KDM1A', 'HDAC1']	990.9930805929355	1502.7266082805615	0.6594633216263084	25.681162819542955	7.198395995179898e-46	1.9433167610602864	0.9930566782180786	1.9569041764537909	-58.36828439689742	8.408581160018281e-79
['ATF4', 'CEBPG', 'ATF2', 'ATF1', 'ATF3', 'CREB1', 'EP300', 'JUN', 'CREB3']	1520.248690080186	1532.1019160434912	0.9922634220092126	0.6012040405738232	0.2745391079443365	1.9300094974237791	0.9905984777351962	1.948326734598217	-75.64399751038424	1.0523354971064447e-89
['RXRB', 'RARA', 'NCOA2', 'RARG', 'PPARG', 'NR1H2', 'NCOA1', 'PAX8', 'RXRA']	1453.889675400618	1522.9390344452809	0.9546604575213258	3.6178695904368947	0.00023490202539109187	1.8344893742464952	0.9813834555445766	1.869289077457011	-73.18399373615608	2.6236229820654765e-88
['E2F5', 'TFDP2', 'LIN54', 'E2F4', 'SMAD3', 'HDAC1', 'SMAD4', 'TFDP1']	1586.1334557472892	1536.7388683702368	1.0321424728649162	-2.6362449962999603	0.9951333106216352	1.793687488019188	0.9837332924662685	1.8233473460294547	-61.761076818707075	3.6290026266916325e-81
['MTA1', 'HDAC2', 'GATAD2B', 'GATAD2A', 'KDM1A', 'HDAC1', 'FOXP1']	1395.5103717191257	1488.3914775403186	0.9375963197701951	3.641271455742543	0.00021685721142941772	1.7746809009290945	1.0168094550415612	1.7453426422520393	-52.39164915709861	2.6596968308100175e-74
['ZNF217', 'PHF21A', 'HDAC2', 'HMG20B', 'KDM1A', 'HDAC1']	1011.9284237692522	1490.0861701790914	0.6791073187717929	18.34578060756652	6.418296422209043e-34	1.7701766397448644	0.9832983041065678	1.8002437636188746	-38.75996262947406	5.993051403211587e-62
['ATF1', 'ATF2', 'CREB1', 'ATF4', 'CREB3']	1577.7327256940268	1554.761185330002	1.0147749638856267	-0.870952910512114	0.8070565181213087	1.7640926791907443	0.9670671324926586	1.824167754149308	-38.74996915753855	6.138412198714112e-62
['ZZZ3', 'DR1', 'YEATS2']	714.9581291702438	1531.8411956780394	0.46673123244592046	16.73730082744347	6.30550630146659e-31	1.7639295096433678	1.0363233539173715	1.702103405250491	-17.757423301705764	7.681510925273276e-33
['TCF3', 'EP300', 'TCF12', 'CBFB', 'GATA2']	1597.5725502490063	1505.1091026751085	1.0614330531983083	-2.893300965717706	0.9976557327491555	1.7618473596469335	1.0048218547487222	1.7533927544674297	-35.048257934198794	6.518553394567965e-58
['SNAPC4', 'SNAPC5', 'TBP', 'POU2F1', 'SNAPC2']	1670.6617408939808	1528.2079053259708	1.0932162666293916	-4.743443151271579	0.9999964654779968	1.7548983686155588	1.0091843915750949	1.7389273786493895	-38.11651266771052	2.835572394908004e-61
['RARA', 'RXRB', 'NCOA2', 'RARG', 'PPARG', 'MED1', 'NCOA1', 'HDAC1', 'NR0B2', 'RXRA']	1310.3404306393068	1525.4802713452143	0.8589691097635823	10.54728560494209	3.511299553856329e-18	1.7544674509294012	0.981137088393752	1.7881980731170715	-64.95451444033465	2.779330058348174e-83
['PAX8', 'RXRB', 'PPARG', 'SMAD3', 'RXRA']	1609.0861800233765	1555.9815307468555	1.0341293570824273	-1.7300149670156648	0.9566280478347766	1.749734846955704	0.9599744343551997	1.8226890053910387	-41.72322142875318	6.1835956879303385e-65
['GATA4', 'NFATC3', 'SRF', 'KDM6A', 'EP300', 'NR5A1']	1490.4298915199095	1492.917252082648	0.9983338925454384	0.09089516482078482	0.4638797743553891	1.7449603096972242	0.9746859615326148	1.7902795141867185	-43.776199502324786	6.780237581106982e-67
['GATA2', 'TCF3']	2289.425738652365	1630.8565756110977	1.4038179524122132	-8.60105616344233	0.9999999999999392	1.7237864028421577	0.9881129919850754	1.7445235684829392	-14.22001317084149	5.840415124254727e-26
['USF1', 'EP300', 'USF2', 'MED1', 'SP1']	1020.8821950411733	1461.7067766851035	0.6984179120769738	14.288526964341209	4.2347294834055284e-26	1.7082574729072135	1.0105111690882802	1.6904884628325934	-23.577515912257038	1.0474347754488145e-42
['MXD1', 'MAX', 'MYC']	1659.0884416503875	1535.526435593161	1.0804688237161448	-2.522880311409076	0.9933837994790743	1.6696925158090803	0.9768458957806517	1.7092691109427618	-19.798726664197293	1.6814340469668102e-36
['DRAP1', 'TBP', 'DR1']	1634.3426237460465	1425.0219956613123	1.1468894015124267	-4.327639835866175	0.9999819644898109	1.6690963005813886	1.0613688450641983	1.572588368636759	-17.357585650191766	4.2550904890632443e-32
['YEATS2', 'DR1', 'DMAP1', 'ZZZ3']	617.8802011232756	1534.8646931347198	0.4025633033888821	25.20007232662104	3.6601258507591224e-45	1.6668614019491625	1.031259949359945	1.6163348561957689	-23.830581458315194	4.257844022998719e-43
['CBFB', 'EP300', 'TCF3']	1610.4954550214754	1487.9806322266522	1.0823363020602552	-2.4903316793795733	0.9927863919182148	1.636390191316614	1.0186609450061717	1.606413006544292	-20.883008027723037	2.354292715633304e-38
['ELF3', 'ELF4']	2289.425738652365	1586.1848645357452	1.4433536656664852	-9.697570882102879	0.9999999999999998	1.6310870666043242	1.0301224262619275	1.5833914736942059	-11.65808454414025	1.3866710847536754e-20
['ELF4', 'ELF3']	2289.425738652365	1586.1848645357452	1.4433536656664852	-9.697570882102879	0.9999999999999998	1.6310870666043242	1.0301224262619275	1.5833914736942059	-11.65808454414025	1.3866710847536754e-20
['PPARG', 'ESRRA', 'RELA', 'NCOA1', 'RXRB', 'RARA', 'KDM3A', 'NCOA2', 'EGR1', 'SMAD3', 'MED1', 'EP300', 'PAX8', 'NR0B2', 'RXRA']	1536.5122107503248	1503.4556828691423	1.0219870317814082	-2.547353515423406	0.9938033291567764	1.61374323595891	1.008918843119556	1.599477744879112	-66.5698818453955	2.5773450651987792e-84
['TOPORS', 'TP53', 'BRCA1']	1039.3593322643192	1510.7141477295017	0.6879920558276388	9.644076338290018	3.2699615327289904e-16	1.6051341234403826	0.979821063748615	1.6381910767456203	-23.880116985081184	3.57280985439256e-43
['GATAD2B', 'HDAC2', 'GATAD2A', 'MTA1', 'HDAC1']	1530.8198210906237	1486.920197774309	1.0295238597081577	-1.3410027740947665	0.9085058993091665	1.5813301957419108	1.0192393872799557	1.5514806584957503	-25.844366654961313	4.167452238104297e-46
['BCL6', 'HDAC2', 'GATAD2B', 'GATAD2A', 'KDM1A', 'MTA1', 'HDAC1']	1412.1313777342932	1519.7586006525612	0.9291813694148172	4.890223012136022	1.9489528489879843e-06	1.5804652099498264	1.027972668280211	1.5374583962372563	-32.73156288625161	3.334323912003482e-55
['MEF2D', 'EP300', 'SRF', 'MEF2A', 'NFATC3']	1654.06867559016	1519.501757380374	1.0885598963977374	-5.003581165887112	0.9999987775569572	1.5786894984812403	0.9863412423650592	1.6005510371804412	-30.539885256833898	1.725102849941694e-52
['JUN', 'RELA', 'ATF7', 'ATF3', 'CREB1', 'BATF2', 'JUNB', 'SMAD4', 'JUND', 'TP53', 'FOSL1', 'ATF4', 'ATF2', 'IRF1', 'FOSL2', 'TAF1', 'MED1', 'NCOA1', 'SP1', 'SMAD3', 'HNF4A', 'EP300', 'HDAC1']	1574.7699404233435	1506.556142695924	1.0452779659477898	-5.850516598180356	0.9999999682451334	1.5677352606817365	0.9921372382283475	1.5801596798052155	-75.42445714002807	1.3963988453008284e-89
['CEBPD', 'SMAD4', 'SMAD3']	1754.2521595595924	1436.2982974820907	1.221370353661835	-6.218006010943575	0.9999999939778553	1.5654107307003322	1.0502636030706831	1.4904931734504556	-10.956646728900685	4.532591353265789e-19
['YEATS4', 'KAT8', 'ATF2', 'PHF20', 'DMAP1']	1560.2482013626518	1540.6003483612888	1.0127533743726997	-0.6941757278761427	0.7554011128925485	1.5577809136891794	0.9879136576186036	1.5768391313105827	-28.05271511192928	3.267807017235599e-49
['GATAD2A', 'HDAC2', 'GATAD2B', 'KDM1A', 'MTA1', 'HDAC1']	1494.4873239485985	1492.5234221944381	1.0013158264218547	-0.0707241788183778	0.528120025884837	1.5420942237017405	1.0196577156972557	1.51236459055011	-31.173456951029753	2.7309633434038637e-53
['FOXO1', 'NCOA2', 'CREB1', 'STAT5B', 'MED1', 'NCOA1', 'SMAD3', 'JUN', 'TP53']	1564.6372307915449	1509.1689049279876	1.0367542199434623	-2.6753888474195304	0.9956323852694738	1.5346692261354045	0.9843133414856712	1.5591267144861156	-47.137733167065676	6.231731366520599e-70
['FOXO4', 'EP300', 'SMAD4', 'TP53', 'FOXO1']	1572.4671234783411	1475.3856637377157	1.065800734090557	-3.018055308674836	0.9983826374329737	1.5331817656219673	1.005597385767371	1.5246477241505523	-25.793887298514285	4.933656575296892e-46
['ARID4B', 'ARID4A', 'HDAC1', 'HDAC2', 'SAP130']	651.1741537118089	1487.6428186806909	0.43772211012943263	25.073879553041834	5.628490836381907e-45	1.5246185511374755	0.9861125879568229	1.5460897363620625	-25.641917661836253	8.21261081849514e-46
['ARID4A', 'HDAC1', 'HDAC2', 'SAP130', 'ARID4B']	651.1741537118089	1487.6428186806909	0.43772211012943263	25.073879553041834	5.628490836381907e-45	1.5246185511374752	0.9861125879568229	1.5460897363620623	-25.641917661836246	8.212610818495256e-46
['SAP130', 'ARID4A', 'HDAC1', 'HDAC2', 'ARID4B']	651.1741537118089	1487.6428186806909	0.43772211012943263	25.073879553041834	5.628490836381907e-45	1.5246185511374752	0.9861125879568229	1.5460897363620623	-25.641917661836242	8.212610818495256e-46
['E2F4', 'TFDP2', 'LIN54', 'DNMT1', 'E2F5', 'E2F1', 'SMAD3', 'EP300', 'HDAC1', 'SMAD4', 'TFDP1']	1548.5732661828915	1532.4750290367595	1.0105047304791979	-0.9956388092099747	0.8390735001447803	1.5149286512109144	0.9932595454135358	1.5252092549286156	-48.998594509888676	1.5764826716871734e-71
['NFKBIZ', 'RELA', 'NFKB2']	637.573511213203	1468.3428715450445	0.4342129645389463	16.742142756499426	6.1730305707115285e-31	1.513710269115524	1.012212033709676	1.4954478100481547	-15.781370724160553	4.42138344103295e-29
['DR1', 'TBP', 'DRAP1', 'YEATS2', 'ZZZ3']	1620.560521335833	1481.068097946912	1.0941836662218898	-4.702207728474091	0.9999958296431014	1.5069079681317183	1.0270564005595155	1.4672105322656004	-23.171367618333864	4.5054027053286125e-42
['ESRRA', 'PPARG']	2289.425738652365	1533.2834537990825	1.4931523150398291	-10.486076157475372	1.0	1.5049671261750752	1.016569974334113	1.4804363341154931	-8.571024127040376	7.067319731363235e-14
['ATF2', 'JUN', 'ATF4', 'DMAP1', 'ATF1', 'YEATS4', 'CREB1', 'PHF20', 'JUNB', 'KAT8', 'EP300', 'JUND', 'CREB3']	1566.4852398347057	1525.9530316165014	1.0265618976327646	-2.6443823870702747	0.995241121000541	1.4884019865211515	0.9830429779951464	1.514076210133409	-48.30154813110367	6.155077799101349e-71
['MEF2A', 'EP300', 'MEF2D', 'NFATC3', 'HDAC1']	1821.198940795083	1507.3633057154968	1.2082017214361063	-10.663818635310845	1.0	1.4831318018766813	0.9963857997396341	1.4885115808196372	-27.818482628267553	6.8324527342031974e-49
['KMT2A', 'TAF1', 'PHF8', 'MGA', 'CREB1', 'PHF20', 'KAT8', 'MAX', 'KMT2B']	1399.3155769075377	1547.7234642163703	0.9041121422915345	8.677823008266687	4.148667074223686e-14	1.4802818870168115	0.999282550535969	1.4813446769613425	-33.98367691032754	1.0954238138467385e-56
['SIX4', 'KDM6A']	328.41074859514185	1570.5604254829168	0.20910417916213694	16.872186950248896	3.4939030190846533e-31	1.4700261237025027	0.9983047977928905	1.4725223468348754	-10.209241465300579	1.9129007441585185e-17
['NFATC3', 'MEF2D', 'SRF', 'MEF2A', 'GATA4']	1619.7236280492275	1508.7259378104995	1.0735704792083116	-3.7141215318690377	0.9998312738364106	1.4588461733702975	0.9798128196561967	1.4889029252364623	-28.29539160455282	1.5296032540346924e-49
['EGR1', 'PITX1', 'PPARG', 'JUNB', 'SP1', 'JUND']	1429.925462586984	1465.6929765776738	0.975596857894342	1.2204776753333355	0.11259146619681043	1.4550692860572934	1.0251578570642592	1.4193611998684474	-22.325223281580044	9.971049672359008e-41
['ZFP36L2', 'ZFP36L1']	1207.686981646559	1317.8698876659355	0.916393183385865	1.338670106401307	0.09187205715122385	1.452325470747704	1.0405391355874605	1.3957432460507697	-6.955279694154434	1.915679443557101e-10
['ZFP36L1', 'ZFP36L2']	1207.686981646559	1317.8698876659355	0.916393183385865	1.338670106401307	0.09187205715122385	1.452325470747704	1.0405391355874605	1.3957432460507697	-6.955279694154434	1.915679443557101e-10
['ELK1', 'SRF']	398.41384764643226	1540.9840871905617	0.2585450758111323	14.640866444843944	8.177378881712561e-27	1.4511796311604694	1.0468750147992119	1.3862014191243281	-5.275646619325719	3.901357163112575e-07
['SRF', 'ELK1']	398.41384764643226	1540.9840871905617	0.2585450758111323	14.640866444843944	8.177378881712561e-27	1.4511796311604694	1.0468750147992119	1.3862014191243281	-5.275646619325719	3.901357163112575e-07
['TGIF2', 'HDAC1']	2289.425738652365	1518.4862054550424	1.5077026912906966	-9.730982581537134	0.9999999999999998	1.4496882570576282	1.0313084761917235	1.40567860201328	-6.499939331041728	1.6373958018197064e-09
['USF2', 'EP300', 'BRCA1', 'MED1', 'SP1', 'USF1']	1443.7300429115705	1477.3744314376245	0.9772269048318951	1.2684240694723472	0.10381057169487584	1.4411383507320483	1.0099803055112666	1.4268974779686652	-18.985152583031482	4.5427994574176895e-35
['ATF6', 'XBP1', 'ATF5']	776.4492762194146	1564.5159508523031	0.4962872227646049	16.85483442818961	3.769124837966211e-31	1.4339327306981406	0.9410869302459257	1.523698485881027	-17.247868060931967	6.830608736649528e-32
['DMAP1', 'ATF2', 'DNMT1', 'HDAC2', 'YEATS4', 'PHF20', 'KAT8', 'YEATS2']	1531.5057711495504	1535.399298355642	0.9974641598375996	0.20333255575079937	0.4196462286167252	1.4165573962990343	0.9924417695445142	1.427345603308464	-32.12544636461347	1.8120742456001054e-54
['IRF1', 'JUN']	2289.425738652365	1506.8666515084176	1.5193286919984479	-9.961527666989841	0.9999999999999999	1.4090400366189848	0.9381111871603625	1.5019968377992714	-11.012552417183993	3.4291355565430705e-19
['MED8', 'ZC3H13', 'MED13', 'TAF1', 'MED1', 'TBP']	1450.3533463635397	1471.5913974227908	0.9855679700924825	0.7834832312472108	0.2176068878688675	1.3755595824279876	1.0272697483932236	1.3390441844311411	-22.35087249121987	9.067031481266106e-41
['KDM2A', 'RELA']	2289.425738652365	1454.4395007817484	1.5740948574497728	-10.865140407680872	1.0	1.366837376225134	1.0647658145050385	1.2836976522020618	-2.9183615534503695	0.0021777115882288703
['NFKB2', 'ETS1', 'RELA', 'REL', 'BCL3', 'NFKBIZ']	959.8098495283521	1480.193310330499	0.6484354731437375	18.124182951389738	1.6263707718855813e-33	1.3570236681501668	1.0073687765126023	1.3470972098698857	-19.122146800436116	2.5928408356961036e-35
['ETS1', 'FOXO1', 'SRF', 'STAT5B', 'EP300', 'TP53', 'NFKB2']	1521.5501854966233	1514.3386497311928	1.0047621684665518	-0.31866488106322094	0.6246740146525935	1.3548366423962421	0.9810020950898722	1.3810741579222845	-25.220203336636946	3.41778501415255e-45
['KDM1A', 'SNAI1', 'ARNTL', 'PHF21A', 'RREB1', 'DNMT1', 'KDM5B', 'HDAC2', 'GATAD2A', 'HMG20B', 'ZNF217', 'RCOR2', 'GFI1', 'MTA1', 'HDAC1', 'ZMYM2', 'MYC']	1581.420748144933	1512.7333396818635	1.045406157622939	-5.2449019901132115	0.9999995554318325	1.3535965538190242	1.001622671750716	1.3514036692611004	-45.02580655955427	4.769045996077728e-68
['IRF2', 'IRF1']	737.8061023661996	1456.4532094161193	0.5065772780039945	9.10899916741681	4.797721895251903e-15	1.3470720997276473	0.9475399600887486	1.4216520215163038	-6.691559980492846	6.677100862536354e-10
['XBP1', 'FOXO1', 'ATF6']	1802.9647667482288	1523.2328092415569	1.1836436005117006	-5.966391399352018	0.9999999811149275	1.3316211880009885	0.9848536774392183	1.3521005388977405	-10.223707231361326	1.778936804045441e-17
['FOXO1', 'ETS1', 'HNF4A', 'CEBPA', 'XBP1', 'CREB1', 'SMAD3', 'EP300', 'SMAD4', 'FOXO4']	1643.0243208950376	1507.9507452065282	1.0895742623675748	-6.6580588504514	0.9999999992184118	1.3275954109265864	0.9892167583014756	1.3420672464204109	-27.21698884755289	4.643093346613896e-48
['MED1', 'USF1', 'EP300', 'ZC3H13', 'HNF4A', 'MED13', 'RARA', 'TAF1', 'MED8', 'THRA', 'PPARG', 'SP1', 'NR1H2', 'TBP', 'USF2', 'JUN', 'TP53', 'RXRA']	1361.8965106447	1483.903191334408	0.9177798919753027	10.346815336141466	9.591829933558733e-18	1.3252496309067339	1.012812843521003	1.3084842272532375	-36.9807451934189	4.663741306099999e-60
['TARDBP', 'NONO', 'SFPQ']	268.8006925748245	1546.3547405146282	0.17382860836017963	27.174228945770295	5.3273014702743856e-48	1.3194625847845316	0.9935860074829966	1.3279802401073082	-11.407857277648791	4.79346919887453e-20
['CREB3', 'ATF4', 'ATF2', 'ATF1', 'CREB1', 'EP300', 'NR0B2']	1709.6002619262467	1536.530886088841	1.1126364444765213	-7.895335880491848	0.9999999999979904	1.307517194177948	0.986872860315977	1.3249094658042446	-20.17325957429935	3.78801748840508e-37
['KLF6', 'TP53']	830.0428229399563	1476.4914232000626	0.5621724650055665	8.328893380610289	2.3571282438046184e-13	1.3037322285147095	1.0418436744963828	1.251370297127274	-4.33868150884512	1.7291215921394965e-05
['PBX3', 'HOXA9', 'MEIS2']	937.9292703131833	1429.4142955374582	0.6561633483317886	9.112698018096557	4.709581604801979e-15	1.3011428600873653	1.0340191579554978	1.2583353510200281	-7.223096876627186	5.3106107420305765e-11
['ZNF143', 'POU2F1', 'SP1']	230.28394692184966	1413.9212340430986	0.16286900668671211	24.86465669504868	1.1528639623610755e-44	1.293725000314102	1.0455381148549656	1.2373771763390609	-7.347587377148748	2.911744724823566e-11
['NR0B2', 'HNF4A', 'PPARG', 'CREB3', 'RARA']	1643.5398074774216	1557.748872906479	1.055073661784054	-3.5969995802517625	0.9997478142475742	1.2849635140976488	1.002785430961504	1.2813942787995862	-14.705192458371167	6.066162673415508e-27
['WIZ', 'ZNF644']	2289.425738652365	1569.986256582996	1.4582457197015193	-9.594784222444614	0.9999999999999996	1.2790962283089375	1.0024458474002353	1.275975387225328	-4.977746467485818	1.3602346044174774e-06
['ZNF644', 'WIZ']	2289.425738652365	1569.986256582996	1.4582457197015193	-9.594784222444614	0.9999999999999996	1.2790962283089375	1.0024458474002353	1.275975387225328	-4.977746467485818	1.3602346044174774e-06
['ATF5', 'ATF6']	830.0428229399563	1568.2718218526434	0.5292722928346717	9.621843681360335	3.6563715005132165e-16	1.2767384368867418	0.9938372040619774	1.2846555066247272	-6.047637046736119	1.3084640770459713e-08
['REL', 'RELA', 'BCL3', 'NFKB2']	957.2147112588399	1451.9796538118078	0.65924801958892	11.84016693111139	5.639304986681328e-21	1.2648978825974146	1.003513372874017	1.2604693836563474	-9.004479679656082	8.100090591120961e-15
['RBPJ', 'SPEN', 'HDAC2', 'EP300', 'HDAC1', 'TP53']	1741.6166568897868	1518.2752648989326	1.147102042135766	-8.614549142243455	0.9999999999999432	1.2647401969731178	0.9791726096382208	1.291641723352951	-18.63453713033595	1.9286813864622962e-34
['MGA', 'TAF1', 'PHF20', 'KMT2A', 'KAT8', 'MAX', 'TFDP1']	1490.1695400007557	1540.8865560370732	0.9670858209271719	2.1607269918421346	0.016564462487480447	1.263220332550156	0.9992403821041055	1.2641806267778997	-15.771332323797184	4.6260157196942766e-29
['PIN1', 'TP53', 'MYC']	937.9292703131833	1429.3011579288432	0.6562152875271634	9.36619384691746	1.3202623213303722e-15	1.2604923762452576	1.0672493213929537	1.1810664583980122	-3.816962911547119	0.00011774867488633224
['KAT8', 'DMAP1', 'TAF1', 'ATF2', 'YEATS4', 'MGA', 'PHF20', 'KMT2A', 'MAX']	1361.0684967142672	1518.1789322560335	0.8965138876559839	8.276482815905021	3.0572730799641643e-13	1.259786313443686	1.000317032213019	1.2593870471810706	-18.91436597057515	6.075246083916687e-35
['MAX', 'TAF1', 'MGA', 'PHF20', 'KMT2A', 'KAT8', 'MXD1', 'TFDP1', 'MYC']	1373.196391843295	1537.9400450010025	0.8928803150075982	8.928023684711237	1.187809171883981e-14	1.248112778885841	0.9872539152322659	1.264226719822331	-20.44169100624352	1.3152927825725939e-37
['CEBPA', 'FOXO1', 'E2F1', 'SMAD3', 'HDAC1', 'CBX5', 'TP53']	1689.6502637201793	1491.0795030171657	1.1331724836276067	-8.894115641864792	0.9999999999999859	1.248047198500053	1.021331188144909	1.2219808941377173	-13.214934549788714	6.935797761883196e-24
['CBX5', 'TP53']	737.8061023661996	1354.0435331542792	0.5448909760290065	7.975536610393094	1.353980263730091e-12	1.243066865229577	1.0051862396458906	1.2366532849350262	-5.377366856223231	2.5256530747117797e-07
['SFPQ', 'NONO']	304.3865269794901	1573.7613619394415	0.19341339439441832	17.043404531313936	1.6568534689328296e-31	1.2244685879363926	0.9430597923155976	1.298399738716271	-6.323433646856713	3.709874499636929e-09
['NONO', 'SFPQ']	304.3865269794901	1573.7613619394415	0.19341339439441832	17.043404531313936	1.6568534689328296e-31	1.2244685879363926	0.9430597923155976	1.298399738716271	-6.323433646856713	3.709874499636929e-09
['CREB1', 'RELA', 'KMT2A', 'JUND', 'TP53', 'ATF4', 'FOXO1', 'ATF2', 'RFXAP', 'CREB3', 'RFXANK', 'TCF12', 'ATF1', 'MEIS1', 'SMAD3', 'SRF', 'EP300', 'JUN']	1615.9365604822983	1523.5870544076474	1.0606132126204992	-7.7255354398639735	0.9999999999953758	1.2167614530949455	0.9911861128646962	1.227581215376695	-28.981269485517885	1.8392917455519841e-50
['IRF1', 'IRF2', 'EP300', 'HDAC1', 'JUN']	1805.457386607111	1465.6927774733051	1.231811614518237	-10.044788566194306	1.0	1.211752622432244	1.0004028307420239	1.2112646877792785	-11.938487367215211	3.4728773295655554e-21
['PHF20', 'DMAP1', 'TAF1', 'ATF2', 'YEATS4', 'MGA', 'KMT2A', 'KAT8', 'MAX', 'TP53']	1324.7732267206306	1518.1810353561318	0.8726055693416485	10.833342321603084	8.391108478100922e-19	1.2047539490072248	0.9957026697069381	1.2099535189172648	-17.17772960755771	9.251419614384109e-32
['E2F1', 'TFDP2', 'BRD4', 'CEBPA', 'E2F2', 'E2F4', 'DNMT1', 'SP1', 'EP300', 'HDAC1', 'TP53', 'TFDP1', 'MYC']	1481.4461075346262	1519.2239699827123	0.9751334476058089	2.527822273450296	0.006529484185852117	1.200869246028139	0.9884419736518035	1.2149112219420648	-22.67574053153368	2.7379259891356296e-41
['SPEN', 'RBPJ']	737.8061023661996	1451.6329365433862	0.5082594117236388	8.64647924720949	4.851092145342047e-14	1.1997791348757034	1.0231474667994476	1.1726355914546562	-2.117971584370556	0.018340893958748272
['SMAD7', 'EP300', 'SMAD4', 'SMAD3', 'SMAD9']	1821.198940795083	1466.8518430262902	1.2415697941502617	-11.497366374937108	1.0	1.1962365172198037	1.0154067881941191	1.178085995807933	-8.537006080961088	8.37281511108695e-14
['STAT6', 'STAT5B', 'NCOA1', 'IRF9']	1481.0379412475722	1473.3352610386705	1.0052280566498297	-0.19740574755218107	0.5780426147474598	1.1945617229880074	0.9671432211744717	1.2351445957894065	-9.145994788445766	3.985498919146576e-15
['STAT5B', 'STAT6', 'ETS1', 'IRF9']	940.168562744669	1558.0351465469307	0.6034321913907796	19.924427451321733	1.0177041598144685e-36	1.1909487787585913	0.9321900729832504	1.2775814860881813	-10.669461914381882	1.9044976435105025e-18
['HDAC1', 'SNAI1', 'RELA', 'ZBTB7A', 'E2F4', 'HDAC2', 'ATF3', 'SOX6', 'E2F5', 'E2F1', 'TGIF2', 'GATAD2A', 'SMAD4', 'TP53', 'RARA', 'BRCA1', 'KDM5B', 'MEF2A', 'TCF7L2', 'IRF1', 'HMG20B', 'GFI1', 'KDM1A', 'ARID4A', 'BAZ2A', 'SAP130', 'MYC', 'CEBPA', 'BRD4', 'BCL3', 'GATAD2B', 'ZNF217', 'RBPJ', 'SMAD3', 'SP1', 'DNMT3B', 'RERE', 'BCL6', 'PHF21A', 'DNMT1', 'MTA1', 'EP300', 'JUN', 'ZMYM2', 'ARID4B']	1563.4829023644925	1505.5886715726353	1.038452886824251	-8.31679623858551	0.9999999999997496	1.1880774522187147	0.9974847640997324	1.1910732824987051	-37.279587681411954	2.2163670506745018e-60
['EP300', 'ETS1', 'RELA', 'HDAC1', 'TEAD4', 'E2F4', 'NCOA2', 'CREB1', 'E2F1', 'TBP', 'SMAD7', 'SMAD4', 'NFYA', 'TP53', 'ARNTL', 'ATF4', 'GATA4', 'FOXO1', 'BRCA1', 'FOXA1', 'ATF2', 'MEF2A', 'TCF7L2', 'IRF1', 'THRA', 'MEF2D', 'CREB3', 'RXRA', 'MYC', 'TCF7', 'TCF12', 'BRD4', 'RBPJ', 'HNF1A', 'CBFB', 'MED1', 'SP1', 'SMAD3', 'NCOA1', 'USF2', 'USF1', 'RERE', 'FOXO4', 'HNF4A', 'TCF3', 'POU2F1', 'PPARG', 'CTCF', 'NFYB', 'JUN']	1560.0687694909493	1507.089138081554	1.0351536150521499	-7.744727396029044	0.9999999999957907	1.1756834719918385	1.0003702314540321	1.1752483580833764	-39.603745572647526	8.077136730415823e-63
['JARID2', 'MTF2', 'EED']	1802.9647667482288	1525.9975697655034	1.181499107515149	-6.028610337627529	0.9999999857386167	1.1724920229972862	1.0039660658629868	1.1678602124758453	-5.542861925088654	1.2342638990080434e-07
['ARNT2', 'AHR']	830.0428229399563	1445.4321386533586	0.5742523642190966	8.155045344147606	5.579711764640384e-13	1.163809506897583	1.0098647417024944	1.1524409743581685	-3.043075130944544	0.0014994064605394395
['ARNTL', 'EP300', 'AHR', 'KDM1A']	1911.4148922351226	1498.1116625804393	1.2758827929707086	-10.510114095382065	1.0	1.1613282034652004	1.0001908353286808	1.1611066233011094	-7.9878683846214535	1.274130075950487e-12
['SALL1', 'TERF1']	1207.686981646559	1563.856024439687	0.7722494671971228	4.86589378586619	2.1525401424528385e-06	1.1439771856750243	0.9191597437667183	1.2445901742682983	-4.826836877816153	2.5233435118749194e-06
['TERF1', 'SALL1']	1207.686981646559	1563.856024439687	0.7722494671971228	4.86589378586619	2.1525401424528385e-06	1.1439771856750243	0.9191597437667183	1.2445901742682983	-4.826836877816153	2.5233435118749194e-06
['HDAC2', 'SNAI1', 'RELA', 'GATAD2A', 'TP53', 'DMAP1', 'BRCA1', 'HMG20B', 'KDM1A', 'ARID4A', 'SAP130', 'GATAD2B', 'ZNF217', 'RBPJ', 'DNMT3B', 'RERE', 'PHF21A', 'EED', 'DNMT1', 'CBX2', 'HMG20A', 'MTA1', 'HDAC1', 'ZMYM2', 'ARID4B']	1606.4567038174712	1501.5712778386858	1.0698504476788835	-10.524457554248965	1.0	1.1434892799727656	1.0025491529529482	1.1405817626045434	-22.542066269961527	4.474972234793435e-41
['GTF3A', 'TBP']	2289.425738652365	1468.6246050425689	1.5588910404956784	-10.19835457584488	1.0	1.139522335326243	1.0960468263166268	1.039665740519244	-0.6446249950510448	0.2603305717208608
['BCL3', 'RELA', 'HDAC1', 'NFKB2', 'REL']	1490.0991222162497	1432.5274489740157	1.040188879650067	-1.7472064832542558	0.9581487457035559	1.1357101073579448	1.0196366612727257	1.1138380469179427	-5.442900235443045	1.9044886643574893e-07
['SMAD3', 'SNAI1', 'SMAD1', 'RELA', 'TEAD4', 'E2F4', 'ATF3', 'E2F5', 'CREB1', 'SMAD7', 'SMAD4', 'TP53', 'SMAD9', 'SKIL', 'FOXO1', 'BRCA1', 'MYC', 'CEBPA', 'CEBPD', 'SP1', 'PAX8', 'HNF4A', 'PPARG', 'EP300', 'HDAC1', 'JUN']	1567.0102551511393	1504.4327011374482	1.0415954492124362	-6.372551168841697	0.9999999970428105	1.1314920133666289	1.0006367750010168	1.1307719660467996	-20.309773855407155	2.2096063071364874e-37
['IRF9', 'STAT5B', 'STAT6']	672.6501438427791	1533.1693267752164	0.4387318035233553	19.0383192548802	3.6532900304690594e-35	1.1245113581799273	0.9440718987932254	1.191128937973211	-5.812548899047379	3.761342934914422e-08
['TBP', 'SNAPC5', 'EP300', 'SNAPC4', 'TAF1', 'GTF3A', 'MED8', 'MYC', 'MED1', 'SP1', 'UBTF', 'BRF2', 'DR1', 'TP53', 'DRAP1', 'SNAPC2']	1632.5288165536974	1495.20674349172	1.0918415287114693	-10.025413442961177	1.0	1.1229471183180735	1.0095623016084339	1.1123108663318697	-13.2662294887474	5.42069974411008e-24
['HOXA9', 'PBX3', 'MEIS1']	1028.2120486904832	1558.2278049740767	0.6598599032877539	11.84005787268991	5.642340549293832e-21	1.1206611144797263	0.9784637588086951	1.1453271563620917	-4.76019543640932	3.304031373251808e-06
['GFI1', 'HDAC1', 'KDM1A']	1112.980777936351	1456.4503485647695	0.764173512013723	6.886903625773605	2.651921235113731e-10	1.1197509060931188	1.0166921634502681	1.101366712902663	-2.9937362061419317	0.001740188244243207
['TCF12', 'EP300', 'CREB1', 'TCF3']	1752.2782281756306	1510.1737078375766	1.1603156769857452	-6.8650155570689115	0.9999999997057745	1.1110876281912874	0.9956492082627507	1.1159428631796517	-4.450373001572	1.1249532162766938e-05
['AFF4', 'ZC3H8']	737.8061023661996	1486.5226656563061	0.4963302070072743	10.13955998422306	2.713986944487361e-17	1.0993174599370255	1.0271954692357539	1.0702125280545982	-1.4315341469205642	0.07771331243679319
['ZC3H8', 'AFF4']	737.8061023661996	1486.5226656563061	0.4963302070072743	10.13955998422306	2.713986944487361e-17	1.0993174599370255	1.0271954692357539	1.0702125280545982	-1.4315341469205642	0.07771331243679319
['SNAI1', 'DNMT1', 'HDAC2', 'KDM1A', 'SMAD3', 'HDAC1', 'SMAD4', 'TP53']	1671.0164203038223	1507.3706418143413	1.108563729417278	-7.073922258133091	0.9999999998912946	1.0992977284235286	0.997397856475629	1.1021657218193446	-6.943300917128758	2.0281376343748466e-10
['SMAD4', 'SNAI1', 'SKIL', 'SMAD1', 'HNF4A', 'FOXO1', 'CEBPD', 'HDAC1', 'E2F4', 'FOXO4', 'E2F5', 'SMAD3', 'SP1', 'EP300', 'SMAD7', 'JUN', 'SMAD9']	1568.1748235912912	1487.9593240677373	1.0539097394841839	-6.125493764089056	0.9999999908120174	1.0871533798135884	1.0042007957364703	1.0826055749301429	-10.845002063320157	7.916137452907121e-19
['RELA', 'KDM2A', 'BRD4', 'REL', 'BRCA1', 'BCL3', 'HDAC2', 'NFKBIZ', 'CREB1', 'PPARG', 'SMAD3', 'SP1', 'EP300', 'HDAC1', 'JUN', 'TP53', 'NFKB2']	1648.0882835089403	1490.9120978807402	1.1054228387116976	-11.485890059598638	1.0	1.0838225523311698	1.005281236609064	1.0781286995736985	-9.153328023666822	3.8416097793002975e-15
['SP1', 'JUN', 'EP300', 'RELA', 'ZNF143', 'NCOA1', 'USF1', 'HDAC1', 'POU2F1', 'E2F1', 'EGR1', 'MED1', 'SMAD3', 'TBP', 'USF2', 'NFYA', 'SMAD4', 'TP53', 'MYC']	1457.5007131731895	1482.217828867105	0.9833242353367133	1.8234485376140777	0.035626447178606066	1.0759010362208457	1.0120431012574977	1.063098038891824	-7.747421558263394	4.154089519931202e-12
['EED', 'MTF2', 'DNMT1', 'HDAC2', 'CBX2', 'JARID2', 'DNMT3B']	1667.689027623484	1515.1451859754961	1.1006793560511334	-6.105459201909554	0.9999999899351603	1.065144619364511	0.9973160061185893	1.06801115476919	-3.9803600497812863	6.564143202254407e-05
['BRD4', 'RELA', 'E2F1', 'EP300', 'HDAC1', 'TP53']	1549.3275874684691	1501.0270675853662	1.0321783137200862	-1.8392840114705449	0.9655647791374344	1.0648031028990743	1.0285534855229155	1.0352432983664719	-1.969154091191256	0.025865338183902273
['BRCA1', 'RELA', 'TOPORS', 'STAG1', 'NCOA2', 'HDAC2', 'POU2F1', 'CBX2', 'ZNF350', 'SMAD3', 'EP300', 'USF2', 'HDAC1', 'TP53', 'MYC']	1671.109105183211	1506.3352590020422	1.1093872331517571	-11.174367566342053	1.0	1.0518444609746855	0.9985700457660865	1.053350704274058	-5.277732577670842	3.866884308747975e-07
['TP53', 'SNAI1', 'ETS1', 'RELA', 'HDAC2', 'ATF3', 'E2F1', 'CREB1', 'TBP', 'TOPORS', 'BRCA1', 'TFDP1', 'MYC', 'CEBPA', 'BRD4', 'TAF1', 'PIN1', 'RBPJ', 'PHF20', 'MED1', 'NCOA1', 'SP1', 'SMAD3', 'FOXO4', 'DNMT1', 'KLF6', 'EP300', 'HDAC1', 'JUN']	1593.804545579228	1501.5144237501545	1.0614646921596473	-9.304730004337856	0.9999999999999982	1.0506270050819708	1.0052497675314216	1.0451402616704717	-7.250020557453473	4.66446235285912e-11
['ZNF350', 'BRCA1']	1207.686981646559	1552.2154755891802	0.778040807245626	4.535042268700415	8.086572022602327e-06	1.044620244665329	1.0135405752944904	1.0306644550089257	-0.7340907739774859	0.2323142425052817
['SRF', 'ETS1', 'NFATC3', 'GATA4', 'ELK1', 'CREB1', 'MEF2D']	1572.1225980430668	1558.8516728170962	1.008513270029077	-0.6258367513950399	0.7335688959808808	1.0403908749240278	0.9490634199062876	1.096229032857212	-7.082977112370826	1.0409268310626129e-10
['CBX2', 'HDAC2', 'EED', 'BRCA1']	1974.3555853528899	1500.7680944812175	1.315563405574251	-13.62695255192156	1.0	1.0338128720725943	0.9817226038453151	1.0530600681121598	-2.4940150350391015	0.007143660071236716
['BAZ2A', 'DNMT3B', 'DNMT1', 'HDAC1']	1417.3089504337033	1474.903770954654	0.9609501164379887	1.3737306613193907	0.08631398499210025	1.0298569773055917	0.9895862844128531	1.040694473566428	-1.5409047643952931	0.06326518314244388
['MYC', 'EP300', 'MXD1', 'BRCA1', 'PIN1', 'KDM5B', 'E2F1', 'KDM1A', 'SMAD3', 'SP1', 'TBP', 'HDAC1', 'MAX', 'TP53']	1567.6950913128244	1496.905000135124	1.0472909711513492	-5.108201644307075	0.9999992091440192	1.0247775040062368	0.9999802786312757	1.0247977144198306	-3.136144840251029	0.0011270986221031494
['SMAD1', 'SMAD4', 'SMAD3', 'SMAD9']	1498.084089761743	1560.214312373493	0.9601784049030843	2.0305331659536714	0.02249199931191658	1.0212666740452656	0.98737300811762	1.0343271141189714	-1.1995291892166589	0.11659259842621425
['DNMT1', 'SNAI1', 'NR2C2', 'DMAP1', 'EED', 'HDAC1', 'E2F4', 'BAZ2A', 'HDAC2', 'E2F1', 'KDM1A', 'DNMT3B', 'CBX5', 'TP53']	1432.0577091053256	1503.8609923227136	0.952254042372302	4.815450901696782	2.6426605882938263e-06	1.0166465192912881	1.0019598884067071	1.014657903030365	-1.3161932252106578	0.09557426834844601
['MTF2', 'JARID2', 'LCOR', 'EED']	1911.4148922351226	1553.356498706213	1.2305062577889465	-11.011756187547737	1.0	1.0082058859125635	0.9980187821942614	1.0102073266556213	-0.48233786745799734	0.315315344286863
['TAF1', 'JUN', 'MED8', 'MGA', 'PHF20', 'MED1', 'KMT2A', 'KAT8', 'TBP', 'MAX', 'TP53']	1611.1944448020902	1515.5853920234592	1.0630839102051408	-6.373720370254912	0.9999999970587534	1.0040667725736114	0.9986211973187644	1.005453093995469	-0.5612092236765629	0.2879615229173521
['SMAD9', 'SMAD1', 'SMAD7', 'SMAD4', 'SMAD3']	1733.7525330388871	1535.6374566157142	1.129011620268618	-7.299258854123688	0.9999999999632198	0.989070027064907	0.9908512802497608	0.9982023001631438	0.07800560171732303	0.5310094794730695
['AHR', 'ARNTL', 'ARNT2']	799.2972494153706	1485.5530950886337	0.5380469079549671	13.768219437198233	4.931586934304315e-25	0.977039424361203	1.0093700948711857	0.9679694587007666	0.9298491694865705	0.8226445098670576
['PBX2', 'MEIS2']	2289.425738652365	1504.8890594236957	1.5213252593710205	-9.958757625312256	0.9999999999999999	0.966996009301864	0.9760686421562588	0.9907049233398666	0.16162958368397645	0.5640365190222004
['DNMT1', 'ZNF274', 'DNMT3B', 'HDAC1', 'CBX5']	1275.8567856256025	1509.732700790159	0.845087865526029	7.256267886304623	4.52605374859316e-11	0.9429487591798601	0.9985146613751074	0.9443514408504282	3.074701693438213	0.9986382977759308
['DNMT3B', 'EED', 'HDAC1', 'DNMT1', 'HDAC2', 'MAFG', 'ZHX1', 'BAZ2A']	1546.9080818834373	1470.2730935777945	1.0521229618091952	-3.026732695415686	0.9984244863709956	0.9359234434696939	1.0027594180750772	0.9333479462764026	4.751165725299138	0.9999965736073144
['ZHX1', 'DNMT3B']	304.3865269794901	1295.947139312352	0.23487572737033235	12.817606949853138	4.722892176757254e-23	0.9284219774710095	1.0658036877912496	0.8711003612635765	2.392127181967081	0.9906807140675814
['BRF2', 'TBP']	2289.425738652365	1357.9980608585483	1.6858829218098832	-12.407942881319688	1.0	0.9089175227417916	0.9458825052106741	0.9609201118899547	0.7783478824004082	0.7808898554894004
['POU2F1', 'ZNF143', 'SNAPC4', 'BRCA1', 'SP1', 'EP300']	1643.7450306143323	1482.8422704754962	1.108509693406056	-6.224835047080271	0.9999999941633343	0.8998074906272829	1.043663741863964	0.8621622602508385	7.901796858797043	0.9999999999980533
['KDM5B', 'HDAC1', 'KDM1A', 'MYC']	1606.1398926477139	1518.5423724385719	1.0576852656857196	-2.420130504225284	0.9913307930790178	0.8384868634232661	0.9594201796530172	0.8739516649801052	5.2273081346995784	0.9999995210135876
['UBTF', 'TBP']	324.1763939334098	1562.8407113972798	0.20742766141763438	16.59852810769027	1.1602842889002085e-30	0.7926734247856023	1.052928989097896	0.7528270500603566	5.450688957706869	0.9999998158549471
['KDM3A', 'PPARG']	2289.425738652365	1515.964091731094	1.5102110604994923	-9.826079846160313	0.9999999999999999	0.7787629460523879	1.0128685357031106	0.7688687313322337	4.475662069664561	0.9999898028819615
['MEIS1', 'CREB1', 'HOXA9', 'MEIS2']	1658.818893671424	1553.7775320595208	1.0676038618428672	-3.119159355800793	0.9988121163167749	0.757326859406595	0.9813473110275683	0.7717215412895955	9.953291162376368	0.9999999999999999
['BCL6', 'HDAC1']	1480.74357586132	1686.0836521900699	0.8782147753689257	2.748529737543953	0.003557689382645158	0.7536603464301844	1.0211059170455676	0.7380824396853943	4.381591490143172	0.9999853298689036
['PITX1', 'EGR1']	2289.425738652365	1355.9264521029584	1.6884586439785187	-11.9700728797823	1.0	0.7433344775676676	1.0345125149233838	0.7185359933733804	5.2895972894367045	0.9999996323601985
['LCOR', 'MTF2']	1480.74357586132	1565.837136073628	0.9456561871909093	1.09315022896336	0.13849034694141626	0.7228216293210948	0.9419245746523905	0.7673880146803115	4.660641719514783	0.9999950769428984
['BATF2', 'JUN']	2289.425738652365	1525.8140534367071	1.5004618246212356	-10.086927294393407	1.0	0.6939673367106238	0.8824184330522772	0.7864379422698563	4.984387495142688	0.9999986765659538
['CBX5', 'CEBPA', 'DNMT1']	1772.219193223643	1494.9384841662345	1.185479678257166	-6.198497338013711	0.9999999934153706	0.6871046010091643	0.9814974752544123	0.7000574309486237	8.971424681721972	0.9999999999999905
['ZBTB7A', 'HDAC1']	2289.425738652365	1623.084370888978	1.4105401910797932	-9.16213000812748	0.9999999999999963	0.6836758755035757	0.9438399323550825	0.7243557430311919	5.888725074528669	0.9999999732329079
['NR2C2', 'DNMT1']	2289.425738652365	1651.6679250120349	1.3861295627180525	-9.082634022614773	0.9999999999999946	0.5695889782150535	0.9414022958203381	0.6050431157263257	6.8708135565682165	0.9999999997137583
['ARID2', 'DPF2']	2289.425738652365	1542.2001492359996	1.4845192044538047	-9.828914094845954	0.9999999999999999	0.48946374716450136	0.9844118020743945	0.4972144240175529	9.795668198330988	0.9999999999999999
['DPF2', 'ARID2']	2289.425738652365	1542.2001492359996	1.4845192044538047	-9.828914094845954	0.9999999999999999	0.48946374716450136	0.9844118020743945	0.4972144240175529	9.795668198330988	0.9999999999999999
['SRY', 'NR5A1']	2289.425738652365	1597.4863878962215	1.4331425644680325	-9.02313561178085	0.9999999999999927	0.3377400515799168	0.9308038114740225	0.36284773162356426	12.571234089162576	1.0
['SSRP1']										
['HOXA5']										
['TARDBP']										
['EP300']										
['CREB1']										
['ZNF274']										
['ARNTL']										
['CENPT']										
