protein,average_distance_to_tss
SIX4,118820.98036064989
ZNF221,53390.452836817145
HOXA10,64093.870016273395
PHB2,910265.7954545454
RAD51,327914.62876683054
ONECUT2,137455.46099426385
ZNF354B,40622.3149122807
FUBP1,36094.04502814259
SNAPC2,58825.353675450766
REST,166461.2725824243
NFRKB,121551.13309352518
ZFP62,18959.247232472324
CAMTA2,32816.37847469708
BATF2,43037.646242221155
BHLHE40,96305.97710947227
ZBTB10,55047.70776388485
NBN,496673.5531135531
CENPX,81824.11111111111
PRDM15,97181.68497887053
ATF6,63990.259325044404
BAZ2A,51719.487711213515
ZSCAN21,51644.79154237585
ZNF12,128670.27968447274
SRSF4,82077.37642276422
SIN3B,39816.866388308976
IRF3,34520.96444444444
ZNF501,54136.17264941691
KDM4B,67571.55442315532
KDM3A,60881.53507565337
ZNF572,41285.61505376344
NACC2,86443.09846827133
AHR,45525.665232358006
IRX3,44179.87783251231
RFXAP,54703.74497139694
ZNF564,72603.14244604316
NCOA2,119167.9806459721
NFYA,59317.17205290397
CBFB,65725.38346153845
RNF2,63289.927083333336
LCORL,101964.98431558935
H3K36me3,47195.192776940654
POLR2A,45020.76706646226
ZNF841,82946.95066562256
ZNF337,68367.1939477304
NFATC3,38132.534534534534
ZNF548,55982.94738628649
ZNF839,30735.704020530367
TEAD3,102538.54885019275
ZNF530,48336.884507042254
POLR2AphosphoS2,21706.88052754073
ZNF543,53904.38662190083
CREBL2,32049.137457044675
HCFC1,39476.81924519974
ZNF526,83444.6754187415
ZNF772,51021.555880330125
CBX2,133805.36847014926
E2F5,45446.792808828766
ZFYVE20,44485.51689860835
ZNF782,41632.578296703294
PREB,38904.663157894734
PRDM4,65354.95571095571
ATRX,56677.112676056335
DZIP1,35640.78914988814
MED13,68835.3606321839
CHCHD3,39249.46666666667
THAP11,71613.64136997123
MGA,76699.54158090895
CEBPZ,52129.94578313253
ZNF121,61128.53980528896
SMAD1,35346.1580775912
ZNF589,44131.37833468068
ARID5B,128351.66170926573
KLF9,38086.61586802828
H3K9ac,29942.999703176018
KLF11,58084.98932557011
ERF,66060.59314604502
HSF2,83479.2179992829
ISX,42823.454545454544
SAP130,69414.236063778
ZNF263,81023.6804224208
AKNA,45493.035539215685
ELF4,43982.1570926143
ZNF275,38779.899954524786
NR2F2,125195.59228684081
ZBTB37,83304.95616024187
ZNF430,53291.61961316593
HNRNPL,101727.09158538602
FOXK2,93054.92691765653
ZBTB44,75240.23215984776
FOXC1,45506.61316872428
ZBTB21,85973.21035447762
H3K27me3,179754.70765954614
ZNF672,41403.445929526126
ZFP36,133761.46518824136
MNX1,59194.41042444563
ZNF552,40215.10445615716
E2F2,36278.1499272198
KDM1A,97764.76575377528
ARID2,44282.057735011105
CBX5,80241.78217455621
ZNF775,68008.82310838446
PTBP1,101386.23849765258
THRB,92117.44298122723
DNMT1,42010.85535006605
DRAP1,51100.0767310253
THAP9,42329.186458028664
AGO2,91400.92152995456
RBM39,113414.72798943151
MIER3,80473.53698366955
ZNF710,88270.97087961574
TCF3,73687.48325722983
POLR2AphosphoS5,40278.54316522671
TEAD4,111509.42628522872
ZNF24,149415.81671197596
NRF1,92078.77718156228
ZNF382,99588.15730337078
JUND,235288.36020849846
YEATS2,49461.140165986035
PBX2,100022.01100671141
ZNF143,68563.98716139955
ZNF317,112828.18642887
ZNF891,43587.67227272727
ZNF598,44595.29648894668
MED8,52465.78764949963
THYN1,37510.32997481108
SSRP1,45384.687621516525
ZFP36L2,63111.07095343681
ELF3,91905.66269037002
RBFOX2,105395.16456021226
ZNF282,665635.9694323144
YBX1,335445.24884792627
ZNF264,85411.02552331987
TAF15,104340.6093537415
TMF1,40067.034412955465
ZBTB2,36679.99223034735
ZNF280D,70791.63899152358
HNRNPLL,128016.02391185434
MBD4,130297.58748778104
TBP,52265.35798533631
KLF16,66730.76533099347
CENPT,38087.94102564103
ZNF217,98350.28052084244
ZNF468,37410.48899755501
EED,39416.10678899082
MTF2,91446.38252656434
ZBTB7B,65318.070774726504
FOXJ3,125228.3237535924
TFAP4,88966.57776329778
TBX3,137260.1265752666
MTA1,54221.95443680908
ZBTB26,81833.81225722918
ZBTB43,83744.31991744066
HNRNPK,267018.84708573803
SMARCC2,160594.18464351006
LBX2,44762.363187588155
AKAP8,31660.262068965516
ZNF7,143523.828658404
SNAPC5,61575.70958302853
RORA,102437.31026785714
ZNF230,48080.82571239231
ELK4,26740.945147679326
FUS,97468.11647446458
RREB1,89287.77721249408
REPIN1,65815.57238434163
JDP2,50106.14705882353
GPN1,58020.27895981087
IKZF5,68232.29805241154
FOXA1,174953.26294626796
ZNF644,150127.90447175462
ATF1,75786.43783956536
CEBPG,121949.49727223131
ZNF485,43910.611405055846
ZNF652,124216.62595129375
FOXP1,154559.41172437437
GATA4,100291.72543940795
ZNF737,45652.80925507901
NCOA5,29256.795221843004
ZNF563,49957.68865131579
REXO4,38850.84126984127
ZNF510,43494.3240521327
ZSCAN30,38692.85204616999
TRIM22,589194.9084249084
ZFP1,93245.13030303031
NR5A1,116147.9931772659
DR1,36708.4456272177
BRF2,53225.62736030829
ZNF343,47886.7374955658
ZNF768,81685.28828828828
ETV6,48763.347286108554
ZNF850,59464.05046948357
NR3C1,43592.08780487805
ZNF326,26279.862637362636
NFAT5,49077.657638595
ARNT,816225.6857142857
HIC2,62996.492717694455
ZNF101,60727.13915857605
PPARG,102704.75988877926
HMG20A,144885.69951821485
GATAD2A,110837.58100626883
NFYC,75324.19736273238
IRF1,85328.44712182062
ZNF503,102792.71673888621
ZNF10,47239.663043478264
HHEX,166712.18917001656
ZNF580,56341.80830188679
ZNF879,36405.864457831325
ZMYM2,66943.24409328014
ZNF570,41159.46525096525
MAFF,435996.08114486263
PROX1,108952.78327122705
ZNF335,52359.499869960986
USF1,109927.35455124125
THAP7,38019.39535783366
ZNF350,52578.25693292249
ZNF780A,58428.26079243051
RELA,58289.57624113475
JUN,224424.8084035001
ZNF235,36072.36959064328
FUBP3,41468.93082244427
SP140L,75226.36497326203
ZKSCAN5,81756.45057610673
LRRFIP1,82675.10561056106
ZNF608,46439.256924929745
ELK1,43936.86538461538
HOMEZ,126877.7996698388
ATM,392879.3078947368
UBTF,60684.84345026935
ZNF219,101487.35990043686
HNF4A,139619.0027440104
HIVEP1,41479.885498989155
ZNF496,51321.35
ATF4,114144.1009285426
CHD2,52688.444351697275
FOXP4,112300.21334288956
HLF,205061.70929288614
CEBPB,227366.05706188516
SP2,47490.33741801864
ZFP90,53310.42670354539
NFE2L2,314355.6250714694
CCDC6,50511.216606498194
CSRNP2,41032.40078585462
KLF13,34850.131944444445
SREBF1,41652.95687134503
MEIS1,61873.4481865285
MBD1,68526.56569543705
ZNF639,36981.564808814
HOXA3,64739.61903206489
NR0B2,34994.414114902305
RBPJ,68363.47208121828
RFX5,88698.044079959
NAIF1,45206.092434314654
PCBP2,208862.6624266145
ZNF670,56350.13037166086
SAFB2,34234.64316987741
ZNF441,71868.59092431347
ZNF615,52856.03975799481
HDAC1,66317.65964285714
ZBTB46,43846.44736842105
STAT5B,66044.98032786885
ZNF432,89116.6592920354
GLMP,58393.68932038835
ZNF770,56669.580396412865
TSC22D1,39681.53770812928
KAT8,67943.48039626064
ZNF44,41144.247267759565
ZNF557,63914.35164835165
MYBL2,84120.12696379781
ZNF703,65700.59216589862
ZNF766,52862.16324399583
TEAD1,127472.14219942887
ZSCAN12,50541.35630252101
SALL1,89570.97221822369
JARID2,41277.05186721992
H4K20me1,34455.89489168227
ADNP,54720.65988483685
SETDB1,162023.51351351352
SMAD3,82691.47438583127
H3K4me2,46456.598915376795
GTF2F1,81097.4507454739
RFXANK,57112.8833441348
MYC,52108.265084417384
LIN54,73628.33081126523
PIN1,44988.7952994693
ZNF146,281620.7806917522
ZBED4,57820.56883061958
ARHGAP35,37982.57718446602
TCF7L2,128674.34412309593
KIAA2018,31866.502173913042
ZNF296,45109.06845637584
GATAD1,54987.291331546025
ELF1,72902.98844319432
FOSL1,136558.30002064837
GPBP1L1,87561.0
HNF1B,69632.77623173187
ZNF691,55403.70009505704
HDAC6,25874.02380952381
GFI1,102001.22047503848
ZNF446,35028.996781609196
SOX6,125124.33108027514
ZMAT5,56886.09917355372
KMT2B,49725.07276166457
PPARGC1A,25771.57894736842
ISL2,116670.63593871721
ZBTB24,64509.66342412451
MTA3,67640.38461538461
ZNF687,75302.81463529659
HES4,45452.32892606584
ATAD3A,62395.09022556391
ZNF546,37648.87244666364
ZCCHC11,62839.34940855323
SFPQ,53963.69755389718
GLI4,38959.038309859156
ZNF761,54742.241643667585
TRAFD1,39107.44241316271
ZNF704,39672.20159399906
ZNF550,39179.146757679184
RXRB,99318.19199069626
PLRG1,805015.0360824743
ZNF30,34784.3480565371
ZNF777,68337.39425287356
TCF12,73976.60620347394
ARID4A,50170.363147202544
ZNF33B,43291.61016949153
BCLAF1,1073237.0
MLXIP,72248.46542056075
MAF1,46366.56535334584
output.bed,
ZFY,60971.68655605191
TFDP1,63557.40810711665
ZNF724P,51405.05827672506
ZNF124,83745.75792880259
REL,34351.05265610438
SMAD4,95404.3448261924
ZNF577,39050.4238410596
GLYR1,41277.72422139745
SRSF1,87065.29630398672
FIP1L1,81333.97603305786
ZNF17,67803.96263736264
HNRNPUL1,173248.63239770036
RARA,111985.36840689946
MED1,83048.15052303359
ZNF746,51477.54601357082
NFIB,54413.26195899772
TAF1,46494.876116612424
ZNF512,98337.90950226244
KDM5A,30627.944529165077
ASH2L,130355.49545238848
ZNF48,62279.90239551478
DDIT3,71472.62962962964
BORCS8,53569.414505283385
ZNF180,40602.11627906977
SCMH1,175845.45454545456
NONO,110681.45081462212
ETV4,78966.44418033437
ZHX2,44740.84331614439
ZXDC,38673.77181521232
SIX1,127874.94068215521
ZNF224,43764.112080244224
RCOR2,92538.41741374627
MYRF,56401.95127610209
MTERF4,39398.1993006993
H3K79me2,25104.557637829592
U2AF2,172043.28268082283
ZNF619,40732.73493333333
ZNF232,60455.000503778334
ZZZ3,39001.78086710651
ZBTB39,65209.67436694802
SP5,70546.42841809776
ZFP14,59765.303867403316
GMEB2,33467.99079528719
PRDM10,62410.17289096365
ATF3,91603.87450894805
ZNF646,107846.56445649495
FOXA3,130409.99526315789
XBP1,54042.535211267605
MBNL3,99468.3950617284
ETS1,92313.55484667627
SRY,40565.04678362573
ZNF367,38629.35639412998
H2AFZ,79649.80938628159
ZFX,60360.00430253623
TIGD3,38020.57042253521
MXD4,43597.31214470284
ZNF547,42414.42335924007
ZNF713,29141.297520661155
AGO1,84506.91313755796
ZNF790,37352.91504605937
MAFK,474614.3964527811
E2F1,43619.654227136605
ZNF786,46944.17058428475
NCOR1,108495.13444759803
SP110,35879.56511056511
ZNF776,37185.240333135036
THRA,90643.0740314877
KDM6A,118542.14068441065
ZNF660,46148.50476190476
NPAS2,48723.725099601594
SMC3,199078.28743538435
ZKSCAN8,80278.935828877
ZBTB40,145122.50933959376
ZBTB33,74825.16259705188
ZBTB7A,51569.301015815865
MTF1,51503.58319467554
ZBTB8A,38964.26696165192
ZBTB25,60725.9886404616
ZFP41,33535.354237288135
ZNF451,37751.87892211148
AFF4,28566.222222222223
ZNF605,51059.12106666667
RFX3,93708.446127465
ZBTB1,44490.503631961255
POU2F1,64044.25002918174
CC2D1A,46815.618881118884
PITX1,89904.52712348323
HOXA5,65154.927385477095
KLF15,37788.569348659
ZFP36L1,56186.89293633196
NR2F6,102892.92753064199
BCL3,44959.18956043956
ZNF629,103305.10745785419
ZUFSP,59851.98591549296
PLSCR1,41124.423558897244
FBXL19,56314.77135151334
ZNF281,106137.01121135149
SP4,43784.393426294824
CEBPD,110899.73220338982
FOXO4,49837.54812257229
CHD4,73626.5783839779
ATF2,448928.445799031
ZNF490,185695.86534047438
NRL,43318.2298673842
FOXA2,219923.30094701078
HNF4G,110086.75134295515
ZBTB14,63633.687831811425
MAZ,49571.71937679083
ZNF460,51767.70385893915
EP300,128324.16536252205
SATB2,62412.762470308786
ZHX3,57264.534415584414
ZNF256,46978.02245789146
FLYWCH1,48052.48698884758
PAXIP1,117408.18810276022
ZNF225,44728.48079074972
NR2C2,73947.27479882681
DNMT3B,67139.99245283019
JRK,61287.15817469205
EGR1,69513.12504828651
HOXD1,71481.36472785486
PAF1,22735.009940357853
SYNCRIP,612241.6666666666
ZBTB38,47910.92269895587
HMGXB3,62528.4685584563
ZNF181,49518.30458970793
ZNF333,38488.119146722165
ETV5,80886.91304347826
ZMYM4,113806.46880896881
ZNF576,79129.25908667289
KLF6,52958.237655016914
NFE2,131129.49184149184
ZSCAN25,58361.4720866382
WIZ,92250.9739897817
MLLT10,26612.73354231975
ZNF747,43046.51685393258
NFIC,151857.08736700134
ZNF138,32601.037789058093
ZNF83,41110.78125
ZNF513,29822.46285714286
SPEN,49237.15845000986
PHF8,52605.588953114966
IKZF1,509136.2
HOXA9,45783.9586945436
ATF5,36056.14946619217
ZNF414,53794.42175150174
DLX6,106142.07835302294
ARNTL,65658.12071309866
HNRNPH1,86201.63866763216
LCOR,105148.26348840189
ZFP91,58724.791075327514
ZNF234,38202.085494716615
MTERF2,41819.55322763307
RAD21,199606.6489963458
ZNF609,107190.10945524117
ONECUT1,182022.7297026813
ZNF251,46998.8813559322
EEA1,35123.36879432624
MAFG,120525.9281663516
MATR3,26803.79245283019
ZNF160,103262.66517086641
GABPA,94761.30226993468
DMAP1,46330.89100195609
CREM,96223.95898424943
PHF20,43987.620249835636
MEF2A,108127.61724301279
CENPBD1,42702.93396226415
ZNF827,35872.265642151484
ZNF709,47925.621870882744
HMGXB4,56542.39024390244
PRPF4,105793.1326923077
ZNF740,57469.64073973348
ZNF597,25675.1976284585
NFYB,82421.2245614035
RARG,54040.64559819413
ZNF318,42293.03732503888
ZNF567,36302.16478873239
NCOA1,56772.78798241329
SIN3A,36251.99169560622
SOX18,35735.91605839416
ZSCAN22,65899.60864553314
SMAD9,38554.93285371703
ZNF878,70763.24283305228
ZNF571,33694.813953488374
ZMYM3,69318.87383080441
ZNF883,39034.93169469599
MXD3,40288.74301155423
ZSCAN29,62044.34174376226
RNF219,49169.52806850619
ZNF800,88693.69613259668
SOX13,135460.71717995784
H3K4me3,43495.87101723982
DPF2,115344.59294871795
TEF,104604.97368421052
ZNF816,61646.64016424039
ZNF865,126084.7446462456
ZBED5,68838.29704397981
TP53,102279.59963436928
ZNF781,46283.596792668955
CBX1,64791.98397626113
ZNF329,62252.74559436078
ZNF556,58633.18819266837
ZSCAN5A,74102.57853757616
ZNF20,67272.70229007634
TCF7,154234.5293553798
TERF1,65694.24605678233
SNRNP70,233522.0987654321
ZFAT,64171.6771964462
ZMAT3,46878.34211721944
SKIL,74031.6311713456
GTF3A,43656.28966986155
ZNF614,82927.59639749657
ZBTB34,80268.79969879518
ZNF697,55499.90768112431
ZNF3,93405.30903790088
FOXK1,90451.04640203009
SNAI1,38686.29477020602
ZNF205,77945.9400349311
RBAK,117736.36258913878
TARDBP,86754.97688039458
ZNF276,50006.39296956978
NR2F1,114477.88340241485
CREB3,50632.895966029726
KLF12,42008.6295228107
ZNF260,64600.8303030303
PHF21A,74175.27174073528
HSF1,72113.82717678101
KMT2A,41661.9728979376
SOX5,129920.60635964913
ZNF674,31805.9203187251
TBX2,79628.95354155383
FOXM1,50733.918103448275
ZNF607,44517.71141215107
PAX8,37417.008438818564
ZBTB42,55169.71746575343
HNF1A,110593.18223123733
FOSL2,125005.02754024886
H3K27ac,63120.66189624329
TOE1,275968.0363636364
HOXA7,61364.89207048458
ZBTB3,53865.44008834898
BHLHA15,41098.06024096385
RFX1,130201.94748358862
SKI,93426.06926197837
MZF1,39786.75945017182
ZNF383,39011.61057692308
SRSF9,644934.1381578947
ESRRA,72176.87686996548
PBX3,54472.147169811324
SMAD7,49709.9533315706
TGIF2,57883.5460385439
TFDP2,55535.54270426014
ZNF142,54462.3165884626
ZNF569,33779.93778801843
PAWR,32914.86343612335
BRD4,47120.54988962472
ARID4B,55130.97010594196
ZNF33A,55753.73414634146
ARID3A,114913.48108565278
HBP1,51928.228876659115
ZNF784,46208.33276450512
RXRA,87425.84425481672
ZNF707,124943.4485006519
HINFP,49899.818681318684
THAP8,39182.207792207795
ZNF792,75526.94432245923
ZC3H13,28673.362929816296
MIER2,164279.59099633573
BRCA1,50844.11788784282
ZNF25,46871.017676767675
ZNF331,98248.13535369396
POLR2G,106628.82335047667
RERE,127766.47766599598
NR1H2,41734.64119291706
ZC3H4,33932.0961038961
MXI1,45150.11664544876
NKX3,71362.54112554113
E2F8,61677.26357335387
ZNF558,38271.022942461765
KAT7,39407.328872437356
MEF2D,79534.51189464741
ZNF562,72017.70400943396
KDM2A,64349.92300105208
NFIA,122279.90394745844
KDM5B,49585.61817572848
ZNF511,62846.11087719298
ZSCAN31,47495.044750430294
ZNF574,69954.49513307048
ZNF720,62232.77659574468
IRF5,36987.52719298246
IKZF4,40762.169197396965
ZFP82,36935.512415349884
KAT2B,207600.96089082022
MYPOP,64376.83111898435
ZNF512B,82899.17897271267
MAX,82662.72029510023
ZNF484,45398.43010752688
ZGPAT,79123.98565712527
ZNF407,43720.078835095526
GRHL1,48202.44
SUZ12,47779.46955503513
ZFP64,88406.70344827586
GMEB1,42299.10201553879
ZEB1,79667.63992226541
NFKB2,45515.86158950861
SNAPC4,47080.327487609604
RCOR1,57966.02159468438
ZKSCAN1,92831.02792041078
U2AF1,75551.33216538191
ZBTB49,68340.91747572816
XRCC5,126961.03506032647
ZHX1,48512.0673374613
ARNT2,45578.46351084812
ZNF778,36406.92082429501
POGK,56800.89837398374
GZF1,88900.25533890436
THAP4,37841.94972677596
PRMT3,38182.07943925234
CTCF,221211.02240077133
ZNF788,52910.76844403586
RBM22,102448.74251920744
USF2,130392.31860373906
TOPORS,48682.70969968933
ZNF549,83548.3649068323
MIXL1,119921.86189735614
ZSCAN20,56682.299033541785
IRF2,77161.85617644333
STAT6,61466.69702970297
GATAD2B,77767.53703703704
TRIM24,149627.7259905977
HMG20B,113143.27175954916
GATA2,149904.11027649033
YY1,56057.06474008505
EZH2,197880.39347408828
FOXO1,102779.34279439095
AHDC1,156699.90167322833
SP1,94387.09075645929
CERS6,42210.08996539792
SRF,77027.6139558233
ZNF483,47040.155906593405
MYNN,51010.854368932036
CEBPA,151050.9013119198
debug_file.bed,
DMTF1,34682.755681818184
GABPB1,86862.15693242928
FOXQ1,96469.54552294959
ATF7,361094.1332660097
TFE3,89807.35418583256
ZNF678,38496.442112879886
ZNF253,44547.598829648894
POGZ,106959.60225073471
SMYD3,61452.06761133603
HDAC2,93859.11769848643
ZNF616,74921.14783966684
ZNF431,68662.74563671622
MLX,92571.07009718019
EHMT2,189932.18911917097
ZBTB20,94730.98091528725
SMARCE1,202219.2968299712
PCBP1,127069.03464369054
ZFP37,56549.1609317099
SREBF2,30228.114035087718
ZNF292,94215.4922770304
MEIS2,74416.04656501066
ZNF280B,47183.463097713095
ZBTB4,53784.048397234445
NFKBIZ,85829.58683206108
MNT,287194.78738081636
ZNF207,151050.1004784689
BCL6,123240.91427249595
DBP,44258.92592592593
NFE2L1,41288.400234741785
CREB1,272962.62650706666
NFIL3,117859.86833123765
CSRNP1,40856.67743602998
ZNF274,50148.55649588289
AKAP8L,27016.105328376703
ZFHX3,134989.06647987774
PHF5A,55107.1560332871
ZNF362,98128.03596458871
ZNF136,45354.52300995025
ZNF749,40459.17462866319
ZIK1,37029.274903805046
HMGA1,30876.0
IRF9,41619.969525959365
H3K4me1,99303.73675951353
ZNF18,54694.40991822738
MXD1,38940.28865979381
JUNB,117282.76102735901
TIGD6,40629.60971579643
YEATS4,48329.53719253186
ZNF384,121772.70070882299
TBL1XR1,103813.1445026178
CCAR2,105406.23470319634
SALL2,46711.97775280899
ZC3H8,47414.37478005865
STAG1,218633.18853440383
TEAD2,55547.04519119351
ZSCAN9,76763.4898525956
TSC22D2,56607.89455095863
ZNF34,40464.25342465754
ZNF75D,45085.48761904762
ZNF527,42700.93453145058
ZNF773,47596.06553911205
H3K9me3,1281705.38657845
E2F4,60093.93174968977
PATZ1,69151.33199739025
